{"cameraMode":{"drawMode":0,"name":"Shaded","section":"Shading Mode"},"sceneLighting":true,"audioPlay":false,"sceneViewState":{"showFog":true,"showMaterialUpdate":true,"showSkybox":false,"showFlares":true,"showImageEffects":true,"showParticleSystems":true,"showVisualEffectGraphs":true,"m_FxEnabled":true},"in2DMode":false,"pivot":{"x":1.3477976322174073,"y":0.09871843457221985,"z":-1.520424485206604},"rotation":{"x":-0.008975588716566563,"y":0.07343082875013352,"z":0.000660895137116313,"w":0.997259795665741},"size":0.6594501733779907,"orthographic":false}